Comment,Designator,Footprint,JLCPCB Part
XINGLIGHT XL-3528RGBW-WS2812B,LED1,SMD_4,C2890364
XINGLIGHT XL-3528RGBW-WS2812B,LED2,SMD_4,C2890364
XINGLIGHT XL-3528RGBW-WS2812B,LED3,SMD_4,C2890364
XINGLIGHT XL-3528RGBW-WS2812B,LED4,SMD_4,C2890364
XINGLIGHT XL-3528RGBW-WS2812B,LED5,SMD_4,C2890364
XINGLIGHT XL-3528RGBW-WS2812B,LED6,SMD_4,C2890364
XINGLIGHT XL-3528RGBW-WS2812B,LED7,SMD_4,C2890364
XINGLIGHT XL-3528RGBW-WS2812B,LED8,SMD_4,C2890364
XINGLIGHT XL-3528RGBW-WS2812B,LED9,SMD_4,C2890364
XINGLIGHT XL-3528RGBW-WS2812B,LED10,SMD_4,C2890364
XINGLIGHT XL-3528RGBW-WS2812B,LED11,SMD_4,C2890364
XINGLIGHT XL-3528RGBW-WS2812B,LED12,SMD_4,C2890364
XINGLIGHT XL-3528RGBW-WS2812B,LED13,SMD_4,C2890364
XINGLIGHT XL-3528RGBW-WS2812B,LED14,SMD_4,C2890364
XINGLIGHT XL-3528RGBW-WS2812B,LED15,SMD_4,C2890364
XINGLIGHT XL-3528RGBW-WS2812B,LED16,SMD_4,C2890364
XINGLIGHT XL-3528RGBW-WS2812B,LED17,SMD_4,C2890364
XINGLIGHT XL-3528RGBW-WS2812B,LED18,SMD_4,C2890364
XINGLIGHT XL-3528RGBW-WS2812B,LED19,SMD_4,C2890364
XINGLIGHT XL-3528RGBW-WS2812B,LED20,SMD_4,C2890364
XINGLIGHT XL-3528RGBW-WS2812B,LED21,SMD_4,C2890364
XINGLIGHT XL-3528RGBW-WS2812B,LED22,SMD_4,C2890364
XINGLIGHT XL-3528RGBW-WS2812B,LED23,SMD_4,C2890364
XINGLIGHT XL-3528RGBW-WS2812B,LED24,SMD_4,C2890364
XINGLIGHT XL-3528RGBW-WS2812B,LED25,SMD_4,C2890364
XINGLIGHT XL-3528RGBW-WS2812B,LED26,SMD_4,C2890364
XINGLIGHT XL-3528RGBW-WS2812B,LED27,SMD_4,C2890364
XINGLIGHT XL-3528RGBW-WS2812B,LED28,SMD_4,C2890364
XINGLIGHT XL-3528RGBW-WS2812B,LED29,SMD_4,C2890364
XINGLIGHT XL-3528RGBW-WS2812B,LED30,SMD_4,C2890364
XINGLIGHT XL-3528RGBW-WS2812B,LED31,SMD_4,C2890364
XINGLIGHT XL-3528RGBW-WS2812B,LED32,SMD_4,C2890364
XINGLIGHT XL-3528RGBW-WS2812B,LED33,SMD_4,C2890364
XINGLIGHT XL-3528RGBW-WS2812B,LED34,SMD_4,C2890364
XINGLIGHT XL-3528RGBW-WS2812B,LED35,SMD_4,C2890364
XINGLIGHT XL-3528RGBW-WS2812B,LED36,SMD_4,C2890364
XINGLIGHT XL-3528RGBW-WS2812B,LED37,SMD_4,C2890364
XINGLIGHT XL-3528RGBW-WS2812B,LED38,SMD_4,C2890364
XINGLIGHT XL-3528RGBW-WS2812B,LED39,SMD_4,C2890364
XINGLIGHT XL-3528RGBW-WS2812B,LED40,SMD_4,C2890364
XINGLIGHT XL-3528RGBW-WS2812B,LED41,SMD_4,C2890364
XINGLIGHT XL-3528RGBW-WS2812B,LED42,SMD_4,C2890364
XINGLIGHT XL-3528RGBW-WS2812B,LED43,SMD_4,C2890364
XINGLIGHT XL-3528RGBW-WS2812B,LED44,SMD_4,C2890364
XINGLIGHT XL-3528RGBW-WS2812B,LED45,SMD_4,C2890364
XINGLIGHT XL-3528RGBW-WS2812B,LED46,SMD_4,C2890364
XINGLIGHT XL-3528RGBW-WS2812B,LED47,SMD_4,C2890364
XINGLIGHT XL-3528RGBW-WS2812B,LED48,SMD_4,C2890364
XINGLIGHT XL-3528RGBW-WS2812B,LED49,SMD_4,C2890364
XINGLIGHT XL-3528RGBW-WS2812B,LED50,SMD_4,C2890364
XINGLIGHT XL-3528RGBW-WS2812B,LED51,SMD_4,C2890364
XINGLIGHT XL-3528RGBW-WS2812B,LED52,SMD_4,C2890364
XINGLIGHT XL-3528RGBW-WS2812B,LED53,SMD_4,C2890364
XINGLIGHT XL-3528RGBW-WS2812B,LED54,SMD_4,C2890364
XINGLIGHT XL-3528RGBW-WS2812B,LED55,SMD_4,C2890364
XINGLIGHT XL-3528RGBW-WS2812B,LED56,SMD_4,C2890364
XINGLIGHT XL-3528RGBW-WS2812B,LED57,SMD_4,C2890364
XINGLIGHT XL-3528RGBW-WS2812B,LED58,SMD_4,C2890364
XINGLIGHT XL-3528RGBW-WS2812B,LED59,SMD_4,C2890364
XINGLIGHT XL-3528RGBW-WS2812B,LED60,SMD_4,C2890364
XINGLIGHT XL-3528RGBW-WS2812B,LED61,SMD_4,C2890364
XINGLIGHT XL-3528RGBW-WS2812B,LED62,SMD_4,C2890364
XINGLIGHT XL-3528RGBW-WS2812B,LED63,SMD_4,C2890364
XINGLIGHT XL-3528RGBW-WS2812B,LED64,SMD_4,C2890364
XINGLIGHT XL-3528RGBW-WS2812B,LED65,SMD_4,C2890364
XINGLIGHT XL-3528RGBW-WS2812B,LED66,SMD_4,C2890364
XINGLIGHT XL-3528RGBW-WS2812B,LED67,SMD_4,C2890364
XINGLIGHT XL-3528RGBW-WS2812B,LED68,SMD_4,C2890364
XINGLIGHT XL-3528RGBW-WS2812B,LED69,SMD_4,C2890364
XINGLIGHT XL-3528RGBW-WS2812B,LED70,SMD_4,C2890364
XINGLIGHT XL-3528RGBW-WS2812B,LED71,SMD_4,C2890364
XINGLIGHT XL-3528RGBW-WS2812B,LED72,SMD_4,C2890364
XINGLIGHT XL-3528RGBW-WS2812B,LED73,SMD_4,C2890364
XINGLIGHT XL-3528RGBW-WS2812B,LED74,SMD_4,C2890364
XINGLIGHT XL-3528RGBW-WS2812B,LED75,SMD_4,C2890364
XINGLIGHT XL-3528RGBW-WS2812B,LED76,SMD_4,C2890364
XINGLIGHT XL-3528RGBW-WS2812B,LED77,SMD_4,C2890364
XINGLIGHT XL-3528RGBW-WS2812B,LED78,SMD_4,C2890364
XINGLIGHT XL-3528RGBW-WS2812B,LED79,SMD_4,C2890364
XINGLIGHT XL-3528RGBW-WS2812B,LED80,SMD_4,C2890364
XINGLIGHT XL-3528RGBW-WS2812B,LED81,SMD_4,C2890364
XINGLIGHT XL-3528RGBW-WS2812B,LED82,SMD_4,C2890364
XINGLIGHT XL-3528RGBW-WS2812B,LED83,SMD_4,C2890364
XINGLIGHT XL-3528RGBW-WS2812B,LED84,SMD_4,C2890364
XINGLIGHT XL-3528RGBW-WS2812B,LED85,SMD_4,C2890364
XINGLIGHT XL-3528RGBW-WS2812B,LED86,SMD_4,C2890364
XINGLIGHT XL-3528RGBW-WS2812B,LED87,SMD_4,C2890364
XINGLIGHT XL-3528RGBW-WS2812B,LED88,SMD_4,C2890364
XINGLIGHT XL-3528RGBW-WS2812B,LED89,SMD_4,C2890364
XINGLIGHT XL-3528RGBW-WS2812B,LED90,SMD_4,C2890364
XINGLIGHT XL-3528RGBW-WS2812B,LED91,SMD_4,C2890364
XINGLIGHT XL-3528RGBW-WS2812B,LED92,SMD_4,C2890364
XINGLIGHT XL-3528RGBW-WS2812B,LED93,SMD_4,C2890364
XINGLIGHT XL-3528RGBW-WS2812B,LED94,SMD_4,C2890364
XINGLIGHT XL-3528RGBW-WS2812B,LED95,SMD_4,C2890364
XINGLIGHT XL-3528RGBW-WS2812B,LED96,SMD_4,C2890364
XINGLIGHT XL-3528RGBW-WS2812B,LED97,SMD_4,C2890364
XINGLIGHT XL-3528RGBW-WS2812B,LED98,SMD_4,C2890364
XINGLIGHT XL-3528RGBW-WS2812B,LED99,SMD_4,C2890364
XINGLIGHT XL-3528RGBW-WS2812B,LED100,SMD_4,C2890364
XINGLIGHT XL-3528RGBW-WS2812B,LED101,SMD_4,C2890364
XINGLIGHT XL-3528RGBW-WS2812B,LED102,SMD_4,C2890364
XINGLIGHT XL-3528RGBW-WS2812B,LED103,SMD_4,C2890364
XINGLIGHT XL-3528RGBW-WS2812B,LED104,SMD_4,C2890364
XINGLIGHT XL-3528RGBW-WS2812B,LED105,SMD_4,C2890364
XINGLIGHT XL-3528RGBW-WS2812B,LED106,SMD_4,C2890364
XINGLIGHT XL-3528RGBW-WS2812B,LED107,SMD_4,C2890364
XINGLIGHT XL-3528RGBW-WS2812B,LED108,SMD_4,C2890364
XINGLIGHT XL-3528RGBW-WS2812B,LED109,SMD_4,C2890364
XINGLIGHT XL-3528RGBW-WS2812B,LED110,SMD_4,C2890364
XINGLIGHT XL-3528RGBW-WS2812B,LED111,SMD_4,C2890364
XINGLIGHT XL-3528RGBW-WS2812B,LED112,SMD_4,C2890364
XINGLIGHT XL-3528RGBW-WS2812B,LED113,SMD_4,C2890364
XINGLIGHT XL-3528RGBW-WS2812B,LED114,SMD_4,C2890364
XINGLIGHT XL-3528RGBW-WS2812B,LED115,SMD_4,C2890364
XINGLIGHT XL-3528RGBW-WS2812B,LED116,SMD_4,C2890364
XINGLIGHT XL-3528RGBW-WS2812B,LED117,SMD_4,C2890364
XINGLIGHT XL-3528RGBW-WS2812B,LED118,SMD_4,C2890364
XINGLIGHT XL-3528RGBW-WS2812B,LED119,SMD_4,C2890364
XINGLIGHT XL-3528RGBW-WS2812B,LED120,SMD_4,C2890364
XINGLIGHT XL-3528RGBW-WS2812B,LED121,SMD_4,C2890364
XINGLIGHT XL-3528RGBW-WS2812B,LED122,SMD_4,C2890364
XINGLIGHT XL-3528RGBW-WS2812B,LED123,SMD_4,C2890364
XINGLIGHT XL-3528RGBW-WS2812B,LED124,SMD_4,C2890364
XINGLIGHT XL-3528RGBW-WS2812B,LED125,SMD_4,C2890364
XINGLIGHT XL-3528RGBW-WS2812B,LED126,SMD_4,C2890364
XINGLIGHT XL-3528RGBW-WS2812B,LED127,SMD_4,C2890364
XINGLIGHT XL-3528RGBW-WS2812B,LED128,SMD_4,C2890364
XINGLIGHT XL-3528RGBW-WS2812B,LED129,SMD_4,C2890364
XINGLIGHT XL-3528RGBW-WS2812B,LED130,SMD_4,C2890364
XINGLIGHT XL-3528RGBW-WS2812B,LED131,SMD_4,C2890364
XINGLIGHT XL-3528RGBW-WS2812B,LED132,SMD_4,C2890364
XINGLIGHT XL-3528RGBW-WS2812B,LED133,SMD_4,C2890364
XINGLIGHT XL-3528RGBW-WS2812B,LED134,SMD_4,C2890364
XINGLIGHT XL-3528RGBW-WS2812B,LED135,SMD_4,C2890364
XINGLIGHT XL-3528RGBW-WS2812B,LED136,SMD_4,C2890364
XINGLIGHT XL-3528RGBW-WS2812B,LED137,SMD_4,C2890364
XINGLIGHT XL-3528RGBW-WS2812B,LED138,SMD_4,C2890364
XINGLIGHT XL-3528RGBW-WS2812B,LED139,SMD_4,C2890364
XINGLIGHT XL-3528RGBW-WS2812B,LED140,SMD_4,C2890364
XINGLIGHT XL-3528RGBW-WS2812B,LED141,SMD_4,C2890364
XINGLIGHT XL-3528RGBW-WS2812B,LED142,SMD_4,C2890364
XINGLIGHT XL-3528RGBW-WS2812B,LED143,SMD_4,C2890364
XINGLIGHT XL-3528RGBW-WS2812B,LED144,SMD_4,C2890364
XINGLIGHT XL-3528RGBW-WS2812B,LED145,SMD_4,C2890364
XINGLIGHT XL-3528RGBW-WS2812B,LED146,SMD_4,C2890364
XINGLIGHT XL-3528RGBW-WS2812B,LED147,SMD_4,C2890364
XINGLIGHT XL-3528RGBW-WS2812B,LED148,SMD_4,C2890364
XINGLIGHT XL-3528RGBW-WS2812B,LED149,SMD_4,C2890364
XINGLIGHT XL-3528RGBW-WS2812B,LED150,SMD_4,C2890364
XINGLIGHT XL-3528RGBW-WS2812B,LED151,SMD_4,C2890364
XINGLIGHT XL-3528RGBW-WS2812B,LED152,SMD_4,C2890364
XINGLIGHT XL-3528RGBW-WS2812B,LED153,SMD_4,C2890364
XINGLIGHT XL-3528RGBW-WS2812B,LED154,SMD_4,C2890364
XINGLIGHT XL-3528RGBW-WS2812B,LED155,SMD_4,C2890364
XINGLIGHT XL-3528RGBW-WS2812B,LED156,SMD_4,C2890364
XINGLIGHT XL-3528RGBW-WS2812B,LED157,SMD_4,C2890364
XINGLIGHT XL-3528RGBW-WS2812B,LED158,SMD_4,C2890364
XINGLIGHT XL-3528RGBW-WS2812B,LED159,SMD_4,C2890364
XINGLIGHT XL-3528RGBW-WS2812B,LED160,SMD_4,C2890364
XINGLIGHT XL-3528RGBW-WS2812B,LED161,SMD_4,C2890364
XINGLIGHT XL-3528RGBW-WS2812B,LED162,SMD_4,C2890364
XINGLIGHT XL-3528RGBW-WS2812B,LED163,SMD_4,C2890364
XINGLIGHT XL-3528RGBW-WS2812B,LED164,SMD_4,C2890364
XINGLIGHT XL-3528RGBW-WS2812B,LED165,SMD_4,C2890364
XINGLIGHT XL-3528RGBW-WS2812B,LED166,SMD_4,C2890364
XINGLIGHT XL-3528RGBW-WS2812B,LED167,SMD_4,C2890364
XINGLIGHT XL-3528RGBW-WS2812B,LED168,SMD_4,C2890364
XINGLIGHT XL-3528RGBW-WS2812B,LED169,SMD_4,C2890364
XINGLIGHT XL-3528RGBW-WS2812B,LED170,SMD_4,C2890364
XINGLIGHT XL-3528RGBW-WS2812B,LED171,SMD_4,C2890364
XINGLIGHT XL-3528RGBW-WS2812B,LED172,SMD_4,C2890364
XINGLIGHT XL-3528RGBW-WS2812B,LED173,SMD_4,C2890364
XINGLIGHT XL-3528RGBW-WS2812B,LED174,SMD_4,C2890364
XINGLIGHT XL-3528RGBW-WS2812B,LED175,SMD_4,C2890364
XINGLIGHT XL-3528RGBW-WS2812B,LED176,SMD_4,C2890364
XINGLIGHT XL-3528RGBW-WS2812B,LED177,SMD_4,C2890364
XINGLIGHT XL-3528RGBW-WS2812B,LED178,SMD_4,C2890364
XINGLIGHT XL-3528RGBW-WS2812B,LED179,SMD_4,C2890364
XINGLIGHT XL-3528RGBW-WS2812B,LED180,SMD_4,C2890364
XINGLIGHT XL-3528RGBW-WS2812B,LED181,SMD_4,C2890364
XINGLIGHT XL-3528RGBW-WS2812B,LED182,SMD_4,C2890364
XINGLIGHT XL-3528RGBW-WS2812B,LED183,SMD_4,C2890364
XINGLIGHT XL-3528RGBW-WS2812B,LED184,SMD_4,C2890364
XINGLIGHT XL-3528RGBW-WS2812B,LED185,SMD_4,C2890364
XINGLIGHT XL-3528RGBW-WS2812B,LED186,SMD_4,C2890364
XINGLIGHT XL-3528RGBW-WS2812B,LED187,SMD_4,C2890364
XINGLIGHT XL-3528RGBW-WS2812B,LED188,SMD_4,C2890364
XINGLIGHT XL-3528RGBW-WS2812B,LED189,SMD_4,C2890364
XINGLIGHT XL-3528RGBW-WS2812B,LED190,SMD_4,C2890364
XINGLIGHT XL-3528RGBW-WS2812B,LED191,SMD_4,C2890364
XINGLIGHT XL-3528RGBW-WS2812B,LED192,SMD_4,C2890364
XINGLIGHT XL-3528RGBW-WS2812B,LED193,SMD_4,C2890364
XINGLIGHT XL-3528RGBW-WS2812B,LED194,SMD_4,C2890364
XINGLIGHT XL-3528RGBW-WS2812B,LED195,SMD_4,C2890364
XINGLIGHT XL-3528RGBW-WS2812B,LED196,SMD_4,C2890364
XINGLIGHT XL-3528RGBW-WS2812B,LED197,SMD_4,C2890364
XINGLIGHT XL-3528RGBW-WS2812B,LED198,SMD_4,C2890364
XINGLIGHT XL-3528RGBW-WS2812B,LED199,SMD_4,C2890364
XINGLIGHT XL-3528RGBW-WS2812B,LED200,SMD_4,C2890364
XINGLIGHT XL-3528RGBW-WS2812B,LED201,SMD_4,C2890364
XINGLIGHT XL-3528RGBW-WS2812B,LED202,SMD_4,C2890364
XINGLIGHT XL-3528RGBW-WS2812B,LED203,SMD_4,C2890364
XINGLIGHT XL-3528RGBW-WS2812B,LED204,SMD_4,C2890364
XINGLIGHT XL-3528RGBW-WS2812B,LED205,SMD_4,C2890364
XINGLIGHT XL-3528RGBW-WS2812B,LED206,SMD_4,C2890364
XINGLIGHT XL-3528RGBW-WS2812B,LED207,SMD_4,C2890364
XINGLIGHT XL-3528RGBW-WS2812B,LED208,SMD_4,C2890364
XINGLIGHT XL-3528RGBW-WS2812B,LED209,SMD_4,C2890364
XINGLIGHT XL-3528RGBW-WS2812B,LED210,SMD_4,C2890364
XINGLIGHT XL-3528RGBW-WS2812B,LED211,SMD_4,C2890364
XINGLIGHT XL-3528RGBW-WS2812B,LED212,SMD_4,C2890364
XINGLIGHT XL-3528RGBW-WS2812B,LED213,SMD_4,C2890364
XINGLIGHT XL-3528RGBW-WS2812B,LED214,SMD_4,C2890364
XINGLIGHT XL-3528RGBW-WS2812B,LED215,SMD_4,C2890364
XINGLIGHT XL-3528RGBW-WS2812B,LED216,SMD_4,C2890364
XINGLIGHT XL-3528RGBW-WS2812B,LED217,SMD_4,C2890364
XINGLIGHT XL-3528RGBW-WS2812B,LED218,SMD_4,C2890364
XINGLIGHT XL-3528RGBW-WS2812B,LED219,SMD_4,C2890364
XINGLIGHT XL-3528RGBW-WS2812B,LED220,SMD_4,C2890364
XINGLIGHT XL-3528RGBW-WS2812B,LED221,SMD_4,C2890364
XINGLIGHT XL-3528RGBW-WS2812B,LED222,SMD_4,C2890364
XINGLIGHT XL-3528RGBW-WS2812B,LED223,SMD_4,C2890364
XINGLIGHT XL-3528RGBW-WS2812B,LED224,SMD_4,C2890364
XINGLIGHT XL-3528RGBW-WS2812B,LED225,SMD_4,C2890364
XINGLIGHT XL-3528RGBW-WS2812B,LED226,SMD_4,C2890364
XINGLIGHT XL-3528RGBW-WS2812B,LED227,SMD_4,C2890364
XINGLIGHT XL-3528RGBW-WS2812B,LED228,SMD_4,C2890364
XINGLIGHT XL-3528RGBW-WS2812B,LED229,SMD_4,C2890364
XINGLIGHT XL-3528RGBW-WS2812B,LED230,SMD_4,C2890364
XINGLIGHT XL-3528RGBW-WS2812B,LED231,SMD_4,C2890364
XINGLIGHT XL-3528RGBW-WS2812B,LED232,SMD_4,C2890364
XINGLIGHT XL-3528RGBW-WS2812B,LED233,SMD_4,C2890364
XINGLIGHT XL-3528RGBW-WS2812B,LED234,SMD_4,C2890364
XINGLIGHT XL-3528RGBW-WS2812B,LED235,SMD_4,C2890364
XINGLIGHT XL-3528RGBW-WS2812B,LED236,SMD_4,C2890364
XINGLIGHT XL-3528RGBW-WS2812B,LED237,SMD_4,C2890364
XINGLIGHT XL-3528RGBW-WS2812B,LED238,SMD_4,C2890364
XINGLIGHT XL-3528RGBW-WS2812B,LED239,SMD_4,C2890364
XINGLIGHT XL-3528RGBW-WS2812B,LED240,SMD_4,C2890364
XINGLIGHT XL-3528RGBW-WS2812B,LED241,SMD_4,C2890364
XINGLIGHT XL-3528RGBW-WS2812B,LED242,SMD_4,C2890364
XINGLIGHT XL-3528RGBW-WS2812B,LED243,SMD_4,C2890364
XINGLIGHT XL-3528RGBW-WS2812B,LED244,SMD_4,C2890364
XINGLIGHT XL-3528RGBW-WS2812B,LED245,SMD_4,C2890364
XINGLIGHT XL-3528RGBW-WS2812B,LED246,SMD_4,C2890364
XINGLIGHT XL-3528RGBW-WS2812B,LED247,SMD_4,C2890364
XINGLIGHT XL-3528RGBW-WS2812B,LED248,SMD_4,C2890364
XINGLIGHT XL-3528RGBW-WS2812B,LED249,SMD_4,C2890364
XINGLIGHT XL-3528RGBW-WS2812B,LED250,SMD_4,C2890364
XINGLIGHT XL-3528RGBW-WS2812B,LED251,SMD_4,C2890364
XINGLIGHT XL-3528RGBW-WS2812B,LED252,SMD_4,C2890364
XINGLIGHT XL-3528RGBW-WS2812B,LED253,SMD_4,C2890364
XINGLIGHT XL-3528RGBW-WS2812B,LED254,SMD_4,C2890364
XINGLIGHT XL-3528RGBW-WS2812B,LED255,SMD_4,C2890364
XINGLIGHT XL-3528RGBW-WS2812B,LED256,SMD_4,C2890364
XINGLIGHT XL-3528RGBW-WS2812B,LED257,SMD_4,C2890364
XINGLIGHT XL-3528RGBW-WS2812B,LED258,SMD_4,C2890364
XINGLIGHT XL-3528RGBW-WS2812B,LED259,SMD_4,C2890364
XINGLIGHT XL-3528RGBW-WS2812B,LED260,SMD_4,C2890364
XINGLIGHT XL-3528RGBW-WS2812B,LED261,SMD_4,C2890364
XINGLIGHT XL-3528RGBW-WS2812B,LED262,SMD_4,C2890364
XINGLIGHT XL-3528RGBW-WS2812B,LED263,SMD_4,C2890364
XINGLIGHT XL-3528RGBW-WS2812B,LED264,SMD_4,C2890364
XINGLIGHT XL-3528RGBW-WS2812B,LED265,SMD_4,C2890364
XINGLIGHT XL-3528RGBW-WS2812B,LED266,SMD_4,C2890364
XINGLIGHT XL-3528RGBW-WS2812B,LED267,SMD_4,C2890364
XINGLIGHT XL-3528RGBW-WS2812B,LED268,SMD_4,C2890364
XINGLIGHT XL-3528RGBW-WS2812B,LED269,SMD_4,C2890364
XINGLIGHT XL-3528RGBW-WS2812B,LED270,SMD_4,C2890364
XINGLIGHT XL-3528RGBW-WS2812B,LED271,SMD_4,C2890364
XINGLIGHT XL-3528RGBW-WS2812B,LED272,SMD_4,C2890364
XINGLIGHT XL-3528RGBW-WS2812B,LED273,SMD_4,C2890364
XINGLIGHT XL-3528RGBW-WS2812B,LED274,SMD_4,C2890364
XINGLIGHT XL-3528RGBW-WS2812B,LED275,SMD_4,C2890364
XINGLIGHT XL-3528RGBW-WS2812B,LED276,SMD_4,C2890364
XINGLIGHT XL-3528RGBW-WS2812B,LED277,SMD_4,C2890364
XINGLIGHT XL-3528RGBW-WS2812B,LED278,SMD_4,C2890364
XINGLIGHT XL-3528RGBW-WS2812B,LED279,SMD_4,C2890364
XINGLIGHT XL-3528RGBW-WS2812B,LED280,SMD_4,C2890364
XINGLIGHT XL-3528RGBW-WS2812B,LED281,SMD_4,C2890364
XINGLIGHT XL-3528RGBW-WS2812B,LED282,SMD_4,C2890364
XINGLIGHT XL-3528RGBW-WS2812B,LED283,SMD_4,C2890364
XINGLIGHT XL-3528RGBW-WS2812B,LED284,SMD_4,C2890364
XINGLIGHT XL-3528RGBW-WS2812B,LED285,SMD_4,C2890364
XINGLIGHT XL-3528RGBW-WS2812B,LED286,SMD_4,C2890364
XINGLIGHT XL-3528RGBW-WS2812B,LED287,SMD_4,C2890364
XINGLIGHT XL-3528RGBW-WS2812B,LED288,SMD_4,C2890364
XINGLIGHT XL-3528RGBW-WS2812B,LED289,SMD_4,C2890364
XINGLIGHT XL-3528RGBW-WS2812B,LED290,SMD_4,C2890364
XINGLIGHT XL-3528RGBW-WS2812B,LED291,SMD_4,C2890364
XINGLIGHT XL-3528RGBW-WS2812B,LED292,SMD_4,C2890364
XINGLIGHT XL-3528RGBW-WS2812B,LED293,SMD_4,C2890364
XINGLIGHT XL-3528RGBW-WS2812B,LED294,SMD_4,C2890364
XINGLIGHT XL-3528RGBW-WS2812B,LED295,SMD_4,C2890364
XINGLIGHT XL-3528RGBW-WS2812B,LED296,SMD_4,C2890364
XINGLIGHT XL-3528RGBW-WS2812B,LED297,SMD_4,C2890364
XINGLIGHT XL-3528RGBW-WS2812B,LED298,SMD_4,C2890364
XINGLIGHT XL-3528RGBW-WS2812B,LED299,SMD_4,C2890364
XINGLIGHT XL-3528RGBW-WS2812B,LED300,SMD_4,C2890364
XINGLIGHT XL-3528RGBW-WS2812B,LED301,SMD_4,C2890364
XINGLIGHT XL-3528RGBW-WS2812B,LED302,SMD_4,C2890364
XINGLIGHT XL-3528RGBW-WS2812B,LED303,SMD_4,C2890364
XINGLIGHT XL-3528RGBW-WS2812B,LED304,SMD_4,C2890364
XINGLIGHT XL-3528RGBW-WS2812B,LED305,SMD_4,C2890364
XINGLIGHT XL-3528RGBW-WS2812B,LED306,SMD_4,C2890364
XINGLIGHT XL-3528RGBW-WS2812B,LED307,SMD_4,C2890364
XINGLIGHT XL-3528RGBW-WS2812B,LED308,SMD_4,C2890364
XINGLIGHT XL-3528RGBW-WS2812B,LED309,SMD_4,C2890364
XINGLIGHT XL-3528RGBW-WS2812B,LED310,SMD_4,C2890364
XINGLIGHT XL-3528RGBW-WS2812B,LED311,SMD_4,C2890364
XINGLIGHT XL-3528RGBW-WS2812B,LED312,SMD_4,C2890364
XINGLIGHT XL-3528RGBW-WS2812B,LED313,SMD_4,C2890364
XINGLIGHT XL-3528RGBW-WS2812B,LED314,SMD_4,C2890364
XINGLIGHT XL-3528RGBW-WS2812B,LED315,SMD_4,C2890364
XINGLIGHT XL-3528RGBW-WS2812B,LED316,SMD_4,C2890364
XINGLIGHT XL-3528RGBW-WS2812B,LED317,SMD_4,C2890364
XINGLIGHT XL-3528RGBW-WS2812B,LED318,SMD_4,C2890364
XINGLIGHT XL-3528RGBW-WS2812B,LED319,SMD_4,C2890364
XINGLIGHT XL-3528RGBW-WS2812B,LED320,SMD_4,C2890364
XINGLIGHT XL-3528RGBW-WS2812B,LED321,SMD_4,C2890364
XINGLIGHT XL-3528RGBW-WS2812B,LED322,SMD_4,C2890364
XINGLIGHT XL-3528RGBW-WS2812B,LED323,SMD_4,C2890364
XINGLIGHT XL-3528RGBW-WS2812B,LED324,SMD_4,C2890364
XINGLIGHT XL-3528RGBW-WS2812B,LED325,SMD_4,C2890364
XINGLIGHT XL-3528RGBW-WS2812B,LED326,SMD_4,C2890364
XINGLIGHT XL-3528RGBW-WS2812B,LED327,SMD_4,C2890364
XINGLIGHT XL-3528RGBW-WS2812B,LED328,SMD_4,C2890364
XINGLIGHT XL-3528RGBW-WS2812B,LED329,SMD_4,C2890364
XINGLIGHT XL-3528RGBW-WS2812B,LED330,SMD_4,C2890364
XINGLIGHT XL-3528RGBW-WS2812B,LED331,SMD_4,C2890364
XINGLIGHT XL-3528RGBW-WS2812B,LED332,SMD_4,C2890364
XINGLIGHT XL-3528RGBW-WS2812B,LED333,SMD_4,C2890364
XINGLIGHT XL-3528RGBW-WS2812B,LED334,SMD_4,C2890364
XINGLIGHT XL-3528RGBW-WS2812B,LED335,SMD_4,C2890364
XINGLIGHT XL-3528RGBW-WS2812B,LED336,SMD_4,C2890364
XINGLIGHT XL-3528RGBW-WS2812B,LED337,SMD_4,C2890364
XINGLIGHT XL-3528RGBW-WS2812B,LED338,SMD_4,C2890364
XINGLIGHT XL-3528RGBW-WS2812B,LED339,SMD_4,C2890364
XINGLIGHT XL-3528RGBW-WS2812B,LED340,SMD_4,C2890364
XINGLIGHT XL-3528RGBW-WS2812B,LED341,SMD_4,C2890364
XINGLIGHT XL-3528RGBW-WS2812B,LED342,SMD_4,C2890364
XINGLIGHT XL-3528RGBW-WS2812B,LED343,SMD_4,C2890364
XINGLIGHT XL-3528RGBW-WS2812B,LED344,SMD_4,C2890364
XINGLIGHT XL-3528RGBW-WS2812B,LED345,SMD_4,C2890364
XINGLIGHT XL-3528RGBW-WS2812B,LED346,SMD_4,C2890364
XINGLIGHT XL-3528RGBW-WS2812B,LED347,SMD_4,C2890364
XINGLIGHT XL-3528RGBW-WS2812B,LED348,SMD_4,C2890364
XINGLIGHT XL-3528RGBW-WS2812B,LED349,SMD_4,C2890364
XINGLIGHT XL-3528RGBW-WS2812B,LED350,SMD_4,C2890364
XINGLIGHT XL-3528RGBW-WS2812B,LED351,SMD_4,C2890364
XINGLIGHT XL-3528RGBW-WS2812B,LED352,SMD_4,C2890364
XINGLIGHT XL-3528RGBW-WS2812B,LED353,SMD_4,C2890364
XINGLIGHT XL-3528RGBW-WS2812B,LED354,SMD_4,C2890364
XINGLIGHT XL-3528RGBW-WS2812B,LED355,SMD_4,C2890364
XINGLIGHT XL-3528RGBW-WS2812B,LED356,SMD_4,C2890364
XINGLIGHT XL-3528RGBW-WS2812B,LED357,SMD_4,C2890364
XINGLIGHT XL-3528RGBW-WS2812B,LED358,SMD_4,C2890364
XINGLIGHT XL-3528RGBW-WS2812B,LED359,SMD_4,C2890364
XINGLIGHT XL-3528RGBW-WS2812B,LED360,SMD_4,C2890364
XINGLIGHT XL-3528RGBW-WS2812B,LED361,SMD_4,C2890364
XINGLIGHT XL-3528RGBW-WS2812B,LED362,SMD_4,C2890364
XINGLIGHT XL-3528RGBW-WS2812B,LED363,SMD_4,C2890364
XINGLIGHT XL-3528RGBW-WS2812B,LED364,SMD_4,C2890364
XINGLIGHT XL-3528RGBW-WS2812B,LED365,SMD_4,C2890364
XINGLIGHT XL-3528RGBW-WS2812B,LED366,SMD_4,C2890364
XINGLIGHT XL-3528RGBW-WS2812B,LED367,SMD_4,C2890364
XINGLIGHT XL-3528RGBW-WS2812B,LED368,SMD_4,C2890364
XINGLIGHT XL-3528RGBW-WS2812B,LED369,SMD_4,C2890364
XINGLIGHT XL-3528RGBW-WS2812B,LED370,SMD_4,C2890364
XINGLIGHT XL-3528RGBW-WS2812B,LED371,SMD_4,C2890364
XINGLIGHT XL-3528RGBW-WS2812B,LED372,SMD_4,C2890364
XINGLIGHT XL-3528RGBW-WS2812B,LED373,SMD_4,C2890364
XINGLIGHT XL-3528RGBW-WS2812B,LED374,SMD_4,C2890364
XINGLIGHT XL-3528RGBW-WS2812B,LED375,SMD_4,C2890364
XINGLIGHT XL-3528RGBW-WS2812B,LED376,SMD_4,C2890364
XINGLIGHT XL-3528RGBW-WS2812B,LED377,SMD_4,C2890364
XINGLIGHT XL-3528RGBW-WS2812B,LED378,SMD_4,C2890364
XINGLIGHT XL-3528RGBW-WS2812B,LED379,SMD_4,C2890364
XINGLIGHT XL-3528RGBW-WS2812B,LED380,SMD_4,C2890364
XINGLIGHT XL-3528RGBW-WS2812B,LED381,SMD_4,C2890364
XINGLIGHT XL-3528RGBW-WS2812B,LED382,SMD_4,C2890364
XINGLIGHT XL-3528RGBW-WS2812B,LED383,SMD_4,C2890364
XINGLIGHT XL-3528RGBW-WS2812B,LED384,SMD_4,C2890364
XINGLIGHT XL-3528RGBW-WS2812B,LED385,SMD_4,C2890364
XINGLIGHT XL-3528RGBW-WS2812B,LED386,SMD_4,C2890364
XINGLIGHT XL-3528RGBW-WS2812B,LED387,SMD_4,C2890364
XINGLIGHT XL-3528RGBW-WS2812B,LED388,SMD_4,C2890364
XINGLIGHT XL-3528RGBW-WS2812B,LED389,SMD_4,C2890364
XINGLIGHT XL-3528RGBW-WS2812B,LED390,SMD_4,C2890364
XINGLIGHT XL-3528RGBW-WS2812B,LED391,SMD_4,C2890364
XINGLIGHT XL-3528RGBW-WS2812B,LED392,SMD_4,C2890364
XINGLIGHT XL-3528RGBW-WS2812B,LED393,SMD_4,C2890364
XINGLIGHT XL-3528RGBW-WS2812B,LED394,SMD_4,C2890364
XINGLIGHT XL-3528RGBW-WS2812B,LED395,SMD_4,C2890364
XINGLIGHT XL-3528RGBW-WS2812B,LED396,SMD_4,C2890364
XINGLIGHT XL-3528RGBW-WS2812B,LED397,SMD_4,C2890364
XINGLIGHT XL-3528RGBW-WS2812B,LED398,SMD_4,C2890364
XINGLIGHT XL-3528RGBW-WS2812B,LED399,SMD_4,C2890364
XINGLIGHT XL-3528RGBW-WS2812B,LED400,SMD_4,C2890364
XINGLIGHT XL-3528RGBW-WS2812B,LED401,SMD_4,C2890364
XINGLIGHT XL-3528RGBW-WS2812B,LED402,SMD_4,C2890364
XINGLIGHT XL-3528RGBW-WS2812B,LED403,SMD_4,C2890364
XINGLIGHT XL-3528RGBW-WS2812B,LED404,SMD_4,C2890364
XINGLIGHT XL-3528RGBW-WS2812B,LED405,SMD_4,C2890364
XINGLIGHT XL-3528RGBW-WS2812B,LED406,SMD_4,C2890364
XINGLIGHT XL-3528RGBW-WS2812B,LED407,SMD_4,C2890364
XINGLIGHT XL-3528RGBW-WS2812B,LED408,SMD_4,C2890364
XINGLIGHT XL-3528RGBW-WS2812B,LED409,SMD_4,C2890364
XINGLIGHT XL-3528RGBW-WS2812B,LED410,SMD_4,C2890364
XINGLIGHT XL-3528RGBW-WS2812B,LED411,SMD_4,C2890364
XINGLIGHT XL-3528RGBW-WS2812B,LED412,SMD_4,C2890364
XINGLIGHT XL-3528RGBW-WS2812B,LED413,SMD_4,C2890364
XINGLIGHT XL-3528RGBW-WS2812B,LED414,SMD_4,C2890364
XINGLIGHT XL-3528RGBW-WS2812B,LED415,SMD_4,C2890364
XINGLIGHT XL-3528RGBW-WS2812B,LED416,SMD_4,C2890364
XINGLIGHT XL-3528RGBW-WS2812B,LED417,SMD_4,C2890364
XINGLIGHT XL-3528RGBW-WS2812B,LED418,SMD_4,C2890364
XINGLIGHT XL-3528RGBW-WS2812B,LED419,SMD_4,C2890364
XINGLIGHT XL-3528RGBW-WS2812B,LED420,SMD_4,C2890364
XINGLIGHT XL-3528RGBW-WS2812B,LED421,SMD_4,C2890364
XINGLIGHT XL-3528RGBW-WS2812B,LED422,SMD_4,C2890364
XINGLIGHT XL-3528RGBW-WS2812B,LED423,SMD_4,C2890364
XINGLIGHT XL-3528RGBW-WS2812B,LED424,SMD_4,C2890364
XINGLIGHT XL-3528RGBW-WS2812B,LED425,SMD_4,C2890364
XINGLIGHT XL-3528RGBW-WS2812B,LED426,SMD_4,C2890364
XINGLIGHT XL-3528RGBW-WS2812B,LED427,SMD_4,C2890364
XINGLIGHT XL-3528RGBW-WS2812B,LED428,SMD_4,C2890364
XINGLIGHT XL-3528RGBW-WS2812B,LED429,SMD_4,C2890364
XINGLIGHT XL-3528RGBW-WS2812B,LED430,SMD_4,C2890364
XINGLIGHT XL-3528RGBW-WS2812B,LED431,SMD_4,C2890364
XINGLIGHT XL-3528RGBW-WS2812B,LED432,SMD_4,C2890364
XINGLIGHT XL-3528RGBW-WS2812B,LED433,SMD_4,C2890364
XINGLIGHT XL-3528RGBW-WS2812B,LED434,SMD_4,C2890364
XINGLIGHT XL-3528RGBW-WS2812B,LED435,SMD_4,C2890364
XINGLIGHT XL-3528RGBW-WS2812B,LED436,SMD_4,C2890364
XINGLIGHT XL-3528RGBW-WS2812B,LED437,SMD_4,C2890364
XINGLIGHT XL-3528RGBW-WS2812B,LED438,SMD_4,C2890364
XINGLIGHT XL-3528RGBW-WS2812B,LED439,SMD_4,C2890364
XINGLIGHT XL-3528RGBW-WS2812B,LED440,SMD_4,C2890364
XINGLIGHT XL-3528RGBW-WS2812B,LED441,SMD_4,C2890364
XINGLIGHT XL-3528RGBW-WS2812B,LED442,SMD_4,C2890364
XINGLIGHT XL-3528RGBW-WS2812B,LED443,SMD_4,C2890364
XINGLIGHT XL-3528RGBW-WS2812B,LED444,SMD_4,C2890364
XINGLIGHT XL-3528RGBW-WS2812B,LED445,SMD_4,C2890364
XINGLIGHT XL-3528RGBW-WS2812B,LED446,SMD_4,C2890364
XINGLIGHT XL-3528RGBW-WS2812B,LED447,SMD_4,C2890364
XINGLIGHT XL-3528RGBW-WS2812B,LED448,SMD_4,C2890364
XINGLIGHT XL-3528RGBW-WS2812B,LED449,SMD_4,C2890364
XINGLIGHT XL-3528RGBW-WS2812B,LED450,SMD_4,C2890364
XINGLIGHT XL-3528RGBW-WS2812B,LED451,SMD_4,C2890364
XINGLIGHT XL-3528RGBW-WS2812B,LED452,SMD_4,C2890364
XINGLIGHT XL-3528RGBW-WS2812B,LED453,SMD_4,C2890364
XINGLIGHT XL-3528RGBW-WS2812B,LED454,SMD_4,C2890364
XINGLIGHT XL-3528RGBW-WS2812B,LED455,SMD_4,C2890364
XINGLIGHT XL-3528RGBW-WS2812B,LED456,SMD_4,C2890364
XINGLIGHT XL-3528RGBW-WS2812B,LED457,SMD_4,C2890364
XINGLIGHT XL-3528RGBW-WS2812B,LED458,SMD_4,C2890364
XINGLIGHT XL-3528RGBW-WS2812B,LED459,SMD_4,C2890364
XINGLIGHT XL-3528RGBW-WS2812B,LED460,SMD_4,C2890364
XINGLIGHT XL-3528RGBW-WS2812B,LED461,SMD_4,C2890364
XINGLIGHT XL-3528RGBW-WS2812B,LED462,SMD_4,C2890364
XINGLIGHT XL-3528RGBW-WS2812B,LED463,SMD_4,C2890364
XINGLIGHT XL-3528RGBW-WS2812B,LED464,SMD_4,C2890364
XINGLIGHT XL-3528RGBW-WS2812B,LED465,SMD_4,C2890364
XINGLIGHT XL-3528RGBW-WS2812B,LED466,SMD_4,C2890364
XINGLIGHT XL-3528RGBW-WS2812B,LED467,SMD_4,C2890364
XINGLIGHT XL-3528RGBW-WS2812B,LED468,SMD_4,C2890364
XINGLIGHT XL-3528RGBW-WS2812B,LED469,SMD_4,C2890364
XINGLIGHT XL-3528RGBW-WS2812B,LED470,SMD_4,C2890364
XINGLIGHT XL-3528RGBW-WS2812B,LED471,SMD_4,C2890364
XINGLIGHT XL-3528RGBW-WS2812B,LED472,SMD_4,C2890364
XINGLIGHT XL-3528RGBW-WS2812B,LED473,SMD_4,C2890364
XINGLIGHT XL-3528RGBW-WS2812B,LED474,SMD_4,C2890364
XINGLIGHT XL-3528RGBW-WS2812B,LED475,SMD_4,C2890364
XINGLIGHT XL-3528RGBW-WS2812B,LED476,SMD_4,C2890364
XINGLIGHT XL-3528RGBW-WS2812B,LED477,SMD_4,C2890364
XINGLIGHT XL-3528RGBW-WS2812B,LED478,SMD_4,C2890364
XINGLIGHT XL-3528RGBW-WS2812B,LED479,SMD_4,C2890364
XINGLIGHT XL-3528RGBW-WS2812B,LED480,SMD_4,C2890364
XINGLIGHT XL-3528RGBW-WS2812B,LED481,SMD_4,C2890364
XINGLIGHT XL-3528RGBW-WS2812B,LED482,SMD_4,C2890364
XINGLIGHT XL-3528RGBW-WS2812B,LED483,SMD_4,C2890364
XINGLIGHT XL-3528RGBW-WS2812B,LED484,SMD_4,C2890364
XINGLIGHT XL-3528RGBW-WS2812B,LED485,SMD_4,C2890364
XINGLIGHT XL-3528RGBW-WS2812B,LED486,SMD_4,C2890364
XINGLIGHT XL-3528RGBW-WS2812B,LED487,SMD_4,C2890364
XINGLIGHT XL-3528RGBW-WS2812B,LED488,SMD_4,C2890364
XINGLIGHT XL-3528RGBW-WS2812B,LED489,SMD_4,C2890364
XINGLIGHT XL-3528RGBW-WS2812B,LED490,SMD_4,C2890364
XINGLIGHT XL-3528RGBW-WS2812B,LED491,SMD_4,C2890364
XINGLIGHT XL-3528RGBW-WS2812B,LED492,SMD_4,C2890364
XINGLIGHT XL-3528RGBW-WS2812B,LED493,SMD_4,C2890364
XINGLIGHT XL-3528RGBW-WS2812B,LED494,SMD_4,C2890364
XINGLIGHT XL-3528RGBW-WS2812B,LED495,SMD_4,C2890364
XINGLIGHT XL-3528RGBW-WS2812B,LED496,SMD_4,C2890364
XINGLIGHT XL-3528RGBW-WS2812B,LED497,SMD_4,C2890364
XINGLIGHT XL-3528RGBW-WS2812B,LED498,SMD_4,C2890364
XINGLIGHT XL-3528RGBW-WS2812B,LED499,SMD_4,C2890364
XINGLIGHT XL-3528RGBW-WS2812B,LED500,SMD_4,C2890364
XINGLIGHT XL-3528RGBW-WS2812B,LED501,SMD_4,C2890364
XINGLIGHT XL-3528RGBW-WS2812B,LED502,SMD_4,C2890364
XINGLIGHT XL-3528RGBW-WS2812B,LED503,SMD_4,C2890364
XINGLIGHT XL-3528RGBW-WS2812B,LED504,SMD_4,C2890364
XINGLIGHT XL-3528RGBW-WS2812B,LED505,SMD_4,C2890364
XINGLIGHT XL-3528RGBW-WS2812B,LED506,SMD_4,C2890364
XINGLIGHT XL-3528RGBW-WS2812B,LED507,SMD_4,C2890364
XINGLIGHT XL-3528RGBW-WS2812B,LED508,SMD_4,C2890364
XINGLIGHT XL-3528RGBW-WS2812B,LED509,SMD_4,C2890364
XINGLIGHT XL-3528RGBW-WS2812B,LED510,SMD_4,C2890364
XINGLIGHT XL-3528RGBW-WS2812B,LED511,SMD_4,C2890364
XINGLIGHT XL-3528RGBW-WS2812B,LED512,SMD_4,C2890364
XINGLIGHT XL-3528RGBW-WS2812B,LED513,SMD_4,C2890364
XINGLIGHT XL-3528RGBW-WS2812B,LED514,SMD_4,C2890364
XINGLIGHT XL-3528RGBW-WS2812B,LED515,SMD_4,C2890364
XINGLIGHT XL-3528RGBW-WS2812B,LED516,SMD_4,C2890364
XINGLIGHT XL-3528RGBW-WS2812B,LED517,SMD_4,C2890364
XINGLIGHT XL-3528RGBW-WS2812B,LED518,SMD_4,C2890364
XINGLIGHT XL-3528RGBW-WS2812B,LED519,SMD_4,C2890364
XINGLIGHT XL-3528RGBW-WS2812B,LED520,SMD_4,C2890364
XINGLIGHT XL-3528RGBW-WS2812B,LED521,SMD_4,C2890364
XINGLIGHT XL-3528RGBW-WS2812B,LED522,SMD_4,C2890364
XINGLIGHT XL-3528RGBW-WS2812B,LED523,SMD_4,C2890364
XINGLIGHT XL-3528RGBW-WS2812B,LED524,SMD_4,C2890364
XINGLIGHT XL-3528RGBW-WS2812B,LED525,SMD_4,C2890364
XINGLIGHT XL-3528RGBW-WS2812B,LED526,SMD_4,C2890364
XINGLIGHT XL-3528RGBW-WS2812B,LED527,SMD_4,C2890364
XINGLIGHT XL-3528RGBW-WS2812B,LED528,SMD_4,C2890364
XINGLIGHT XL-3528RGBW-WS2812B,LED529,SMD_4,C2890364
XINGLIGHT XL-3528RGBW-WS2812B,LED530,SMD_4,C2890364
XINGLIGHT XL-3528RGBW-WS2812B,LED531,SMD_4,C2890364
XINGLIGHT XL-3528RGBW-WS2812B,LED532,SMD_4,C2890364
XINGLIGHT XL-3528RGBW-WS2812B,LED533,SMD_4,C2890364
XINGLIGHT XL-3528RGBW-WS2812B,LED534,SMD_4,C2890364
XINGLIGHT XL-3528RGBW-WS2812B,LED535,SMD_4,C2890364
XINGLIGHT XL-3528RGBW-WS2812B,LED536,SMD_4,C2890364
XINGLIGHT XL-3528RGBW-WS2812B,LED537,SMD_4,C2890364
XINGLIGHT XL-3528RGBW-WS2812B,LED538,SMD_4,C2890364
XINGLIGHT XL-3528RGBW-WS2812B,LED539,SMD_4,C2890364
XINGLIGHT XL-3528RGBW-WS2812B,LED540,SMD_4,C2890364
XINGLIGHT XL-3528RGBW-WS2812B,LED541,SMD_4,C2890364
XINGLIGHT XL-3528RGBW-WS2812B,LED542,SMD_4,C2890364
XINGLIGHT XL-3528RGBW-WS2812B,LED543,SMD_4,C2890364
XINGLIGHT XL-3528RGBW-WS2812B,LED544,SMD_4,C2890364
XINGLIGHT XL-3528RGBW-WS2812B,LED545,SMD_4,C2890364
XINGLIGHT XL-3528RGBW-WS2812B,LED546,SMD_4,C2890364
XINGLIGHT XL-3528RGBW-WS2812B,LED547,SMD_4,C2890364
XINGLIGHT XL-3528RGBW-WS2812B,LED548,SMD_4,C2890364
XINGLIGHT XL-3528RGBW-WS2812B,LED549,SMD_4,C2890364
XINGLIGHT XL-3528RGBW-WS2812B,LED550,SMD_4,C2890364
XINGLIGHT XL-3528RGBW-WS2812B,LED551,SMD_4,C2890364
XINGLIGHT XL-3528RGBW-WS2812B,LED552,SMD_4,C2890364
XINGLIGHT XL-3528RGBW-WS2812B,LED553,SMD_4,C2890364
XINGLIGHT XL-3528RGBW-WS2812B,LED554,SMD_4,C2890364
XINGLIGHT XL-3528RGBW-WS2812B,LED555,SMD_4,C2890364
XINGLIGHT XL-3528RGBW-WS2812B,LED556,SMD_4,C2890364
XINGLIGHT XL-3528RGBW-WS2812B,LED557,SMD_4,C2890364
XINGLIGHT XL-3528RGBW-WS2812B,LED558,SMD_4,C2890364
XINGLIGHT XL-3528RGBW-WS2812B,LED559,SMD_4,C2890364
XINGLIGHT XL-3528RGBW-WS2812B,LED560,SMD_4,C2890364
XINGLIGHT XL-3528RGBW-WS2812B,LED561,SMD_4,C2890364
XINGLIGHT XL-3528RGBW-WS2812B,LED562,SMD_4,C2890364
XINGLIGHT XL-3528RGBW-WS2812B,LED563,SMD_4,C2890364
XINGLIGHT XL-3528RGBW-WS2812B,LED564,SMD_4,C2890364
XINGLIGHT XL-3528RGBW-WS2812B,LED565,SMD_4,C2890364
XINGLIGHT XL-3528RGBW-WS2812B,LED566,SMD_4,C2890364
XINGLIGHT XL-3528RGBW-WS2812B,LED567,SMD_4,C2890364
XINGLIGHT XL-3528RGBW-WS2812B,LED568,SMD_4,C2890364
XINGLIGHT XL-3528RGBW-WS2812B,LED569,SMD_4,C2890364
XINGLIGHT XL-3528RGBW-WS2812B,LED570,SMD_4,C2890364
XINGLIGHT XL-3528RGBW-WS2812B,LED571,SMD_4,C2890364
